<?xml version="1.0" encoding="UTF-8"?>
<package id="1" uuid="0e6f344f-d247-46ac-9e8f-73bdf88ab969">
  <dateCreated id="2">2017-05-01 22:31:55</dateCreated>
  <name>iSantePlus Registration Concepts Not in CIEL</name>
  <description>This package contains concepts that are not in the CIEL dictionary. It contains mappings to PIH and iSantePlus.</description>
  <openmrsVersion>2.0.5 SNAPSHOT Build b13b3b</openmrsVersion>
  <version>1</version>
  <groupUuid>2b73be11-d509-461c-8465-866c710f11b9</groupUuid>
  <modules id="3">
    <entry>
      <string>calculation</string>
      <string>1.2</string>
    </entry>
    <entry>
      <string>legacyui</string>
      <string>1.2.3</string>
    </entry>
    <entry>
      <string>referenceapplication</string>
      <string>2.5</string>
    </entry>
    <entry>
      <string>metadatadeploy</string>
      <string>1.8.1</string>
    </entry>
    <entry>
      <string>fhir</string>
      <string>1.6</string>
    </entry>
    <entry>
      <string>appointmentscheduling</string>
      <string>1.7.0</string>
    </entry>
    <entry>
      <string>metadatasharing</string>
      <string>1.2.2</string>
    </entry>
    <entry>
      <string>appointmentschedulingui</string>
      <string>1.4.0</string>
    </entry>
    <entry>
      <string>allergyui</string>
      <string>1.6</string>
    </entry>
    <entry>
      <string>formentryapp</string>
      <string>1.3</string>
    </entry>
    <entry>
      <string>chartsearch</string>
      <string>2.0</string>
    </entry>
    <entry>
      <string>providermanagement</string>
      <string>2.5.0</string>
    </entry>
    <entry>
      <string>haiticore</string>
      <string>1.0.0-SNAPSHOT</string>
    </entry>
    <entry>
      <string>htmlwidgets</string>
      <string>1.7.2</string>
    </entry>
    <entry>
      <string>dataexchange</string>
      <string>1.3.2</string>
    </entry>
    <entry>
      <string>referencedemodata</string>
      <string>1.4.4-SNAPSHOT</string>
    </entry>
    <entry>
      <string>addresshierarchy</string>
      <string>2.10</string>
    </entry>
    <entry>
      <string>reportingrest</string>
      <string>1.6</string>
    </entry>
    <entry>
      <string>uiframework</string>
      <string>3.9</string>
    </entry>
    <entry>
      <string>referencemetadata</string>
      <string>2.5.0</string>
    </entry>
    <entry>
      <string>event</string>
      <string>2.5</string>
    </entry>
    <entry>
      <string>uicommons</string>
      <string>2.1</string>
    </entry>
    <entry>
      <string>reporting</string>
      <string>0.10.6</string>
    </entry>
    <entry>
      <string>emrapi</string>
      <string>1.18</string>
    </entry>
    <entry>
      <string>registrationapp</string>
      <string>1.9.0-SNAPSHOT</string>
    </entry>
    <entry>
      <string>idgen</string>
      <string>4.4.0</string>
    </entry>
    <entry>
      <string>htmlformentryui</string>
      <string>1.6.1</string>
    </entry>
    <entry>
      <string>htmlformentry</string>
      <string>3.3.2</string>
    </entry>
    <entry>
      <string>reportingcompatibility</string>
      <string>2.0.2</string>
    </entry>
    <entry>
      <string>uilibrary</string>
      <string>2.0.4</string>
    </entry>
    <entry>
      <string>appframework</string>
      <string>2.9</string>
    </entry>
    <entry>
      <string>isanteplus</string>
      <string>1.2-SNAPSHOT</string>
    </entry>
    <entry>
      <string>webservices.rest</string>
      <string>2.16.e045a4</string>
    </entry>
    <entry>
      <string>adminui</string>
      <string>1.2</string>
    </entry>
    <entry>
      <string>registrationcore</string>
      <string>1.6</string>
    </entry>
    <entry>
      <string>owa</string>
      <string>1.6.3</string>
    </entry>
    <entry>
      <string>metadatamapping</string>
      <string>1.3.2</string>
    </entry>
    <entry>
      <string>coreapps</string>
      <string>1.11.1</string>
    </entry>
    <entry>
      <string>appui</string>
      <string>1.7</string>
    </entry>
    <entry>
      <string>serialization.xstream</string>
      <string>0.2.12</string>
    </entry>
  </modules>
  <items class="linked-hash-set" id="4">
    <org.openmrs.module.metadatasharing.Item id="5" uuid="5c71fcf2-ac30-4734-8bfd-b65b029cfc38">
      <id>164947</id>
      <classname>org.openmrs.Concept</classname>
      <dateChanged id="6">2017-05-01 20:56:14</dateChanged>
      <retired>false</retired>
    </org.openmrs.module.metadatasharing.Item>
    <org.openmrs.module.metadatasharing.Item id="7" uuid="b09e6cc4-eef5-4731-9680-55e50dbeaf4b">
      <id>164928</id>
      <classname>org.openmrs.Concept</classname>
      <dateChanged id="8">2017-04-30 21:11:23</dateChanged>
      <retired>false</retired>
    </org.openmrs.module.metadatasharing.Item>
    <org.openmrs.module.metadatasharing.Item id="9" uuid="d76930c2-8160-4575-9def-c137fe1ee507">
      <id>164930</id>
      <classname>org.openmrs.Concept</classname>
      <dateChanged id="10">2017-04-30 21:11:23</dateChanged>
      <retired>false</retired>
    </org.openmrs.module.metadatasharing.Item>
    <org.openmrs.module.metadatasharing.Item id="11" uuid="05d4ac88-870e-415b-965d-b33f32c6ee1b">
      <id>164929</id>
      <classname>org.openmrs.Concept</classname>
      <dateChanged id="12">2017-04-30 21:11:23</dateChanged>
      <retired>false</retired>
    </org.openmrs.module.metadatasharing.Item>
    <org.openmrs.module.metadatasharing.Item id="13" uuid="46ebe001-84bf-4cd6-9003-f684c2929994">
      <id>164931</id>
      <classname>org.openmrs.Concept</classname>
      <dateChanged id="14">2017-04-30 21:11:23</dateChanged>
      <retired>false</retired>
    </org.openmrs.module.metadatasharing.Item>
    <org.openmrs.module.metadatasharing.Item id="15" uuid="ef7b535a-b1bb-43ee-8972-5ec7da272a72">
      <id>164933</id>
      <classname>org.openmrs.Concept</classname>
      <dateChanged id="16">2017-04-30 21:11:23</dateChanged>
      <retired>false</retired>
    </org.openmrs.module.metadatasharing.Item>
    <org.openmrs.module.metadatasharing.Item id="17" uuid="3fb33645-03cc-4c77-a7b3-788c80cb2223">
      <id>164934</id>
      <classname>org.openmrs.Concept</classname>
      <dateChanged id="18">2017-04-30 21:11:23</dateChanged>
      <retired>false</retired>
    </org.openmrs.module.metadatasharing.Item>
    <org.openmrs.module.metadatasharing.Item id="19" uuid="f304b7b7-0d53-454d-bc06-d15423d27015">
      <id>164949</id>
      <classname>org.openmrs.Concept</classname>
      <dateChanged id="20">2017-05-01 21:08:16</dateChanged>
      <retired>false</retired>
    </org.openmrs.module.metadatasharing.Item>
    <org.openmrs.module.metadatasharing.Item id="21" uuid="c66b9cc0-e518-4336-bec3-33b95fd46d24">
      <id>164935</id>
      <classname>org.openmrs.Concept</classname>
      <dateChanged id="22">2017-04-30 21:11:24</dateChanged>
      <retired>false</retired>
    </org.openmrs.module.metadatasharing.Item>
    <org.openmrs.module.metadatasharing.Item id="23" uuid="8adfa86b-b209-4540-8619-98fb94d293f4">
      <id>164936</id>
      <classname>org.openmrs.Concept</classname>
      <dateChanged id="24">2017-04-30 21:11:24</dateChanged>
      <retired>false</retired>
    </org.openmrs.module.metadatasharing.Item>
    <org.openmrs.module.metadatasharing.Item id="25" uuid="43f3e3f3-a1f9-4455-8a29-b3a25ace49a4">
      <id>164937</id>
      <classname>org.openmrs.Concept</classname>
      <dateChanged id="26">2017-04-30 21:11:24</dateChanged>
      <retired>false</retired>
    </org.openmrs.module.metadatasharing.Item>
    <org.openmrs.module.metadatasharing.Item id="27" uuid="3d0f29db-1ea1-42af-bb32-ab1534d8947a">
      <id>164941</id>
      <classname>org.openmrs.Concept</classname>
      <dateChanged id="28">2017-04-30 21:11:24</dateChanged>
      <retired>false</retired>
    </org.openmrs.module.metadatasharing.Item>
    <org.openmrs.module.metadatasharing.Item id="29" uuid="d7f2f076-3375-4c4e-b150-768bf533d5c1">
      <id>164938</id>
      <classname>org.openmrs.Concept</classname>
      <dateChanged id="30">2017-04-30 21:11:24</dateChanged>
      <retired>false</retired>
    </org.openmrs.module.metadatasharing.Item>
    <org.openmrs.module.metadatasharing.Item id="31" uuid="96cfa665-c38d-461d-a5b2-2aab7518b60b">
      <id>164939</id>
      <classname>org.openmrs.Concept</classname>
      <dateChanged id="32">2017-04-30 21:11:24</dateChanged>
      <retired>false</retired>
    </org.openmrs.module.metadatasharing.Item>
    <org.openmrs.module.metadatasharing.Item id="33" uuid="4f204fcb-891a-48aa-9cf8-2a7e4dd999f9">
      <id>164948</id>
      <classname>org.openmrs.ConceptNumeric</classname>
      <dateChanged id="34">2017-04-30 21:40:36</dateChanged>
      <retired>false</retired>
    </org.openmrs.module.metadatasharing.Item>
    <org.openmrs.module.metadatasharing.Item id="35" uuid="495739d3-4cac-4d5d-be19-56d8e8c4d7c3">
      <id>164946</id>
      <classname>org.openmrs.Concept</classname>
      <dateChanged id="36">2017-05-01 20:54:30</dateChanged>
      <retired>false</retired>
    </org.openmrs.module.metadatasharing.Item>
    <org.openmrs.module.metadatasharing.Item id="37" uuid="7465f7a2-a93e-43a0-a303-83c1cc5d9e47">
      <id>164945</id>
      <classname>org.openmrs.Concept</classname>
      <dateChanged id="38">2017-04-30 21:11:24</dateChanged>
      <retired>false</retired>
    </org.openmrs.module.metadatasharing.Item>
    <org.openmrs.module.metadatasharing.Item id="39" uuid="7e1f4b6a-2cf1-4e76-b427-2f8325e3bfed">
      <id>164944</id>
      <classname>org.openmrs.Concept</classname>
      <dateChanged id="40">2017-04-30 21:11:24</dateChanged>
      <retired>false</retired>
    </org.openmrs.module.metadatasharing.Item>
    <org.openmrs.module.metadatasharing.Item id="41" uuid="41dda2f8-6d09-431e-a66f-865bf22eed60">
      <id>164943</id>
      <classname>org.openmrs.Concept</classname>
      <dateChanged id="42">2017-04-30 21:11:24</dateChanged>
      <retired>false</retired>
    </org.openmrs.module.metadatasharing.Item>
    <org.openmrs.module.metadatasharing.Item id="43" uuid="39010943-609e-448b-b5f3-0938e94ac566">
      <id>164940</id>
      <classname>org.openmrs.Concept</classname>
      <dateChanged id="44">2017-04-30 21:11:24</dateChanged>
      <retired>false</retired>
    </org.openmrs.module.metadatasharing.Item>
    <org.openmrs.module.metadatasharing.Item id="45" uuid="7bf6e5cd-4572-46dd-a8c3-b4f9d6465387">
      <id>164942</id>
      <classname>org.openmrs.Concept</classname>
      <dateChanged id="46">2017-04-30 21:11:24</dateChanged>
      <retired>false</retired>
    </org.openmrs.module.metadatasharing.Item>
  </items>
  <relatedItems class="linked-hash-set" id="47">
    <org.openmrs.module.metadatasharing.Item id="48" uuid="8d4a4c94-c2cc-11de-8d13-0010c6dffd0f">
      <id>4</id>
      <classname>org.openmrs.ConceptDatatype</classname>
      <dateChanged id="49">2004-02-02 00:00:00</dateChanged>
      <retired>false</retired>
    </org.openmrs.module.metadatasharing.Item>
    <org.openmrs.module.metadatasharing.Item id="50" uuid="8d492594-c2cc-11de-8d13-0010c6dffd0f">
      <id>10</id>
      <classname>org.openmrs.ConceptClass</classname>
      <dateChanged id="51">2004-03-02 00:00:00</dateChanged>
      <retired>false</retired>
    </org.openmrs.module.metadatasharing.Item>
    <org.openmrs.module.metadatasharing.Item id="52" uuid="47935da9-4126-4086-ac5e-7be2e0119e03">
      <id>141223</id>
      <classname>org.openmrs.ConceptName</classname>
      <dateChanged id="53">2017-04-30 21:42:57</dateChanged>
    </org.openmrs.module.metadatasharing.Item>
    <org.openmrs.module.metadatasharing.Item id="54" uuid="90f9ea15-fd15-4c1c-a146-ac9d6e462b76">
      <id>141217</id>
      <classname>org.openmrs.ConceptName</classname>
      <dateChanged id="55">2017-04-30 21:33:12</dateChanged>
    </org.openmrs.module.metadatasharing.Item>
    <org.openmrs.module.metadatasharing.Item id="56" uuid="de2a24bf-1b30-41fa-bae1-0259ed583a50">
      <id>141218</id>
      <classname>org.openmrs.ConceptName</classname>
      <dateChanged id="57">2017-04-30 21:42:57</dateChanged>
    </org.openmrs.module.metadatasharing.Item>
    <org.openmrs.module.metadatasharing.Item id="58" uuid="212ab4e0-d36a-4d4a-a654-021186e12ae5">
      <id>2461</id>
      <classname>org.openmrs.ConceptSet</classname>
      <dateChanged id="59">2017-04-30 21:33:12</dateChanged>
    </org.openmrs.module.metadatasharing.Item>
    <org.openmrs.module.metadatasharing.Item id="60" uuid="8d4a4ab4-c2cc-11de-8d13-0010c6dffd0f">
      <id>3</id>
      <classname>org.openmrs.ConceptDatatype</classname>
      <dateChanged id="61">2004-02-02 00:00:00</dateChanged>
      <retired>false</retired>
    </org.openmrs.module.metadatasharing.Item>
    <org.openmrs.module.metadatasharing.Item id="62" uuid="8d491e50-c2cc-11de-8d13-0010c6dffd0f">
      <id>7</id>
      <classname>org.openmrs.ConceptClass</classname>
      <dateChanged id="63">2004-03-02 00:00:00</dateChanged>
      <retired>false</retired>
    </org.openmrs.module.metadatasharing.Item>
    <org.openmrs.module.metadatasharing.Item id="64" uuid="5a1bcbc3-2d43-446d-bccf-c7f22dc1f741">
      <id>141206</id>
      <classname>org.openmrs.ConceptName</classname>
      <dateChanged id="65">2017-04-28 04:58:16</dateChanged>
    </org.openmrs.module.metadatasharing.Item>
    <org.openmrs.module.metadatasharing.Item id="66" uuid="8b07ca1b-d032-4283-b823-e1ebce2ef98a">
      <id>282950</id>
      <classname>org.openmrs.ConceptMap</classname>
      <dateChanged id="67">2017-04-28 04:58:16</dateChanged>
    </org.openmrs.module.metadatasharing.Item>
    <org.openmrs.module.metadatasharing.Item id="68" uuid="35543629-7d8c-11e1-909d-c80aa9edcf4e">
      <id>1</id>
      <classname>org.openmrs.ConceptMapType</classname>
      <dateChanged id="69">2017-04-30 21:11:24</dateChanged>
      <retired>false</retired>
    </org.openmrs.module.metadatasharing.Item>
    <org.openmrs.module.metadatasharing.Item id="70" uuid="7aada02a-ab64-4d62-a106-1adf15cd0d6e">
      <id>282947</id>
      <classname>org.openmrs.ConceptReferenceTerm</classname>
      <dateChanged id="71">2017-04-28 04:57:01</dateChanged>
      <retired>false</retired>
    </org.openmrs.module.metadatasharing.Item>
    <org.openmrs.module.metadatasharing.Item id="72" uuid="fb9aaaf1-65e2-4c18-b53c-16b575f2f385">
      <id>11</id>
      <classname>org.openmrs.ConceptSource</classname>
      <dateChanged id="73">2010-08-03 01:50:49</dateChanged>
      <retired>false</retired>
    </org.openmrs.module.metadatasharing.Item>
    <org.openmrs.module.metadatasharing.Item id="74" uuid="d2adcc2a-1692-456c-a72d-79a7e13cbb5c">
      <id>282951</id>
      <classname>org.openmrs.ConceptMap</classname>
      <dateChanged id="75">2017-04-28 04:58:16</dateChanged>
    </org.openmrs.module.metadatasharing.Item>
    <org.openmrs.module.metadatasharing.Item id="76" uuid="ef026155-1743-49fe-86f3-03652a0b40fe">
      <id>282948</id>
      <classname>org.openmrs.ConceptReferenceTerm</classname>
      <dateChanged id="77">2017-04-28 04:57:11</dateChanged>
      <retired>false</retired>
    </org.openmrs.module.metadatasharing.Item>
    <org.openmrs.module.metadatasharing.Item id="78" uuid="9de421b3-af74-49cd-a280-895fd1cc04c9">
      <id>282980</id>
      <classname>org.openmrs.ConceptMap</classname>
      <dateChanged id="79">2017-05-01 22:36:21</dateChanged>
    </org.openmrs.module.metadatasharing.Item>
    <org.openmrs.module.metadatasharing.Item id="80" uuid="dbc384ee-daeb-4139-bfe8-01f9864d9417">
      <id>282975</id>
      <classname>org.openmrs.ConceptReferenceTerm</classname>
      <dateChanged id="81">2017-05-01 22:36:20</dateChanged>
      <retired>false</retired>
    </org.openmrs.module.metadatasharing.Item>
    <org.openmrs.module.metadatasharing.Item id="82" uuid="8f3600de-294c-4c11-bfd0-fa5ad603798d">
      <id>34</id>
      <classname>org.openmrs.ConceptSource</classname>
      <dateChanged id="83">2017-04-30 21:19:50</dateChanged>
      <retired>false</retired>
    </org.openmrs.module.metadatasharing.Item>
    <org.openmrs.module.metadatasharing.Item id="84" uuid="4a42c4d1-0a17-43d4-b119-0fd50b48e9b5">
      <id>2487</id>
      <classname>org.openmrs.ConceptSet</classname>
      <dateChanged id="85">2017-05-01 20:56:14</dateChanged>
    </org.openmrs.module.metadatasharing.Item>
    <org.openmrs.module.metadatasharing.Item id="86" uuid="164352AAAAAAAAAAAAAAAAAAAAAAAAAAAAAA">
      <id>164352</id>
      <classname>org.openmrs.Concept</classname>
      <dateChanged id="87">2016-11-29 17:24:35</dateChanged>
      <retired>false</retired>
    </org.openmrs.module.metadatasharing.Item>
    <org.openmrs.module.metadatasharing.Item id="88" uuid="8d4a48b6-c2cc-11de-8d13-0010c6dffd0f">
      <id>2</id>
      <classname>org.openmrs.ConceptDatatype</classname>
      <dateChanged id="89">2004-02-02 00:00:00</dateChanged>
      <retired>false</retired>
    </org.openmrs.module.metadatasharing.Item>
    <org.openmrs.module.metadatasharing.Item id="90" uuid="140297BBBBBBBBBBBBBBBBBBBBBBBBBBBBBB">
      <id>140297</id>
      <classname>org.openmrs.ConceptName</classname>
      <dateChanged id="91">2016-11-29 17:24:26</dateChanged>
    </org.openmrs.module.metadatasharing.Item>
    <org.openmrs.module.metadatasharing.Item id="92" uuid="281705ABBBBBBBBBBBBBBBBBBBBBBBBBBBBB">
      <id>281705</id>
      <classname>org.openmrs.ConceptMap</classname>
      <dateChanged id="93">2016-11-29 17:24:35</dateChanged>
    </org.openmrs.module.metadatasharing.Item>
    <org.openmrs.module.metadatasharing.Item id="94" uuid="4cae3dde-528b-3174-8fc2-78cfbc0ea41c">
      <id>281705</id>
      <classname>org.openmrs.ConceptReferenceTerm</classname>
      <dateChanged id="95">2016-11-29 00:00:00</dateChanged>
      <retired>false</retired>
    </org.openmrs.module.metadatasharing.Item>
    <org.openmrs.module.metadatasharing.Item id="96" uuid="249b13c8-72fa-4b96-8d3d-b200efed985e">
      <id>21</id>
      <classname>org.openmrs.ConceptSource</classname>
      <dateChanged id="97">2013-07-03 15:55:03</dateChanged>
      <retired>false</retired>
    </org.openmrs.module.metadatasharing.Item>
    <org.openmrs.module.metadatasharing.Item id="98" uuid="a0a5da2a-73ac-4257-a18d-cd3ded506b0b">
      <id>282989</id>
      <classname>org.openmrs.ConceptMap</classname>
      <dateChanged id="99">2017-05-01 22:36:21</dateChanged>
    </org.openmrs.module.metadatasharing.Item>
    <org.openmrs.module.metadatasharing.Item id="100" uuid="93229fc0-4e30-4140-8bab-363a342deeac">
      <id>282984</id>
      <classname>org.openmrs.ConceptReferenceTerm</classname>
      <dateChanged id="101">2017-05-01 22:36:21</dateChanged>
      <retired>false</retired>
    </org.openmrs.module.metadatasharing.Item>
    <org.openmrs.module.metadatasharing.Item id="102" uuid="1e63305f-fa31-4efa-9eff-3c137fedfc68">
      <id>2463</id>
      <classname>org.openmrs.ConceptSet</classname>
      <dateChanged id="103">2017-04-30 21:33:12</dateChanged>
    </org.openmrs.module.metadatasharing.Item>
    <org.openmrs.module.metadatasharing.Item id="104" uuid="df12f5b8-0b14-46b1-978a-a47f2c485916">
      <id>141207</id>
      <classname>org.openmrs.ConceptName</classname>
      <dateChanged id="105">2017-04-28 05:01:04</dateChanged>
    </org.openmrs.module.metadatasharing.Item>
    <org.openmrs.module.metadatasharing.Item id="106" uuid="1f112e33-9a23-4c81-8a63-6d946ca81337">
      <id>282952</id>
      <classname>org.openmrs.ConceptMap</classname>
      <dateChanged id="107">2017-04-28 05:01:34</dateChanged>
    </org.openmrs.module.metadatasharing.Item>
    <org.openmrs.module.metadatasharing.Item id="108" uuid="c4ba09ac-5915-484e-ba3f-85645380612f">
      <id>282949</id>
      <classname>org.openmrs.ConceptReferenceTerm</classname>
      <dateChanged id="109">2017-04-28 05:00:52</dateChanged>
      <retired>false</retired>
    </org.openmrs.module.metadatasharing.Item>
    <org.openmrs.module.metadatasharing.Item id="110" uuid="cf28762d-05a9-49bf-b3ea-727137ff774d">
      <id>282982</id>
      <classname>org.openmrs.ConceptMap</classname>
      <dateChanged id="111">2017-05-01 22:36:21</dateChanged>
    </org.openmrs.module.metadatasharing.Item>
    <org.openmrs.module.metadatasharing.Item id="112" uuid="dfb44414-1f16-4324-adef-6a046c0f3745">
      <id>282977</id>
      <classname>org.openmrs.ConceptReferenceTerm</classname>
      <dateChanged id="113">2017-05-01 22:36:20</dateChanged>
      <retired>false</retired>
    </org.openmrs.module.metadatasharing.Item>
    <org.openmrs.module.metadatasharing.Item id="114" uuid="9410fa9c-104a-4a18-acd4-e216585ae6c2">
      <id>282953</id>
      <classname>org.openmrs.ConceptMap</classname>
      <dateChanged id="115">2017-04-28 05:01:34</dateChanged>
    </org.openmrs.module.metadatasharing.Item>
    <org.openmrs.module.metadatasharing.Item id="116" uuid="65872dc7-4261-48b0-aa58-ffbd402aba1c">
      <id>282950</id>
      <classname>org.openmrs.ConceptReferenceTerm</classname>
      <dateChanged id="117">2017-04-28 05:00:42</dateChanged>
      <retired>false</retired>
    </org.openmrs.module.metadatasharing.Item>
    <org.openmrs.module.metadatasharing.Item id="118" uuid="6282053e-72ac-4b2c-8ed0-10182b6cf57c">
      <id>2464</id>
      <classname>org.openmrs.ConceptSet</classname>
      <dateChanged id="119">2017-04-30 21:33:12</dateChanged>
    </org.openmrs.module.metadatasharing.Item>
    <org.openmrs.module.metadatasharing.Item id="120" uuid="93e2fe02-a726-4eef-b5e8-189ea84280c2">
      <id>141198</id>
      <classname>org.openmrs.ConceptName</classname>
      <dateChanged id="121">2017-04-28 05:02:41</dateChanged>
    </org.openmrs.module.metadatasharing.Item>
    <org.openmrs.module.metadatasharing.Item id="122" uuid="25000d8d-65c1-4b0d-ae4e-4f90a734b98b">
      <id>18331</id>
      <classname>org.openmrs.ConceptDescription</classname>
      <dateChanged id="123">2017-04-28 05:02:41</dateChanged>
    </org.openmrs.module.metadatasharing.Item>
    <org.openmrs.module.metadatasharing.Item id="124" uuid="8c799b5d-77d3-4e08-9ab9-75894ff6c09b">
      <id>282935</id>
      <classname>org.openmrs.ConceptMap</classname>
      <dateChanged id="125">2017-04-28 05:02:41</dateChanged>
    </org.openmrs.module.metadatasharing.Item>
    <org.openmrs.module.metadatasharing.Item id="126" uuid="c38c0470-913c-4128-8141-a8e4539b05eb">
      <id>282933</id>
      <classname>org.openmrs.ConceptReferenceTerm</classname>
      <dateChanged id="127">2017-04-28 05:02:34</dateChanged>
      <retired>false</retired>
    </org.openmrs.module.metadatasharing.Item>
    <org.openmrs.module.metadatasharing.Item id="128" uuid="59244848-79f6-4a36-adce-247ab32b0711">
      <id>282974</id>
      <classname>org.openmrs.ConceptMap</classname>
      <dateChanged id="129">2017-05-01 22:36:21</dateChanged>
    </org.openmrs.module.metadatasharing.Item>
    <org.openmrs.module.metadatasharing.Item id="130" uuid="582633ca-812d-4273-b4a2-f983221bf4a7">
      <id>282969</id>
      <classname>org.openmrs.ConceptReferenceTerm</classname>
      <dateChanged id="131">2017-05-01 22:36:20</dateChanged>
      <retired>false</retired>
    </org.openmrs.module.metadatasharing.Item>
    <org.openmrs.module.metadatasharing.Item id="132" uuid="14c24d16-d2b2-40db-ac2e-856b4f6bee4f">
      <id>2465</id>
      <classname>org.openmrs.ConceptSet</classname>
      <dateChanged id="133">2017-04-30 21:33:12</dateChanged>
    </org.openmrs.module.metadatasharing.Item>
    <org.openmrs.module.metadatasharing.Item id="134" uuid="0f7c5a3e-3abf-42f0-995c-2e180c58f6d9">
      <id>141200</id>
      <classname>org.openmrs.ConceptName</classname>
      <dateChanged id="135">2017-04-28 05:04:04</dateChanged>
    </org.openmrs.module.metadatasharing.Item>
    <org.openmrs.module.metadatasharing.Item id="136" uuid="c94ce86c-4a1d-4ee6-b771-a27d284a458e">
      <id>18333</id>
      <classname>org.openmrs.ConceptDescription</classname>
      <dateChanged id="137">2017-04-28 05:04:04</dateChanged>
    </org.openmrs.module.metadatasharing.Item>
    <org.openmrs.module.metadatasharing.Item id="138" uuid="1b951f6f-7255-4a65-b523-9a0670fe2c3d">
      <id>282938</id>
      <classname>org.openmrs.ConceptMap</classname>
      <dateChanged id="139">2017-04-28 05:04:04</dateChanged>
    </org.openmrs.module.metadatasharing.Item>
    <org.openmrs.module.metadatasharing.Item id="140" uuid="8220a6eb-17b9-4268-8263-e6c807df6038">
      <id>282936</id>
      <classname>org.openmrs.ConceptReferenceTerm</classname>
      <dateChanged id="141">2017-04-28 05:03:38</dateChanged>
      <retired>false</retired>
    </org.openmrs.module.metadatasharing.Item>
    <org.openmrs.module.metadatasharing.Item id="142" uuid="df4c0984-6bdb-4654-a26c-7a8548d6252a">
      <id>282975</id>
      <classname>org.openmrs.ConceptMap</classname>
      <dateChanged id="143">2017-05-01 22:36:21</dateChanged>
    </org.openmrs.module.metadatasharing.Item>
    <org.openmrs.module.metadatasharing.Item id="144" uuid="6184fa09-ed4b-4ebd-9c01-62c0e186668f">
      <id>282970</id>
      <classname>org.openmrs.ConceptReferenceTerm</classname>
      <dateChanged id="145">2017-05-01 22:36:20</dateChanged>
      <retired>false</retired>
    </org.openmrs.module.metadatasharing.Item>
    <org.openmrs.module.metadatasharing.Item id="146" uuid="2824e2c0-59e6-4d65-8140-31f1d8db25ae">
      <id>282939</id>
      <classname>org.openmrs.ConceptMap</classname>
      <dateChanged id="147">2017-04-28 05:04:04</dateChanged>
    </org.openmrs.module.metadatasharing.Item>
    <org.openmrs.module.metadatasharing.Item id="148" uuid="c3924a8c-ebb5-4f39-bf1a-a2beb3020353">
      <id>282937</id>
      <classname>org.openmrs.ConceptReferenceTerm</classname>
      <dateChanged id="149">2017-04-28 05:03:50</dateChanged>
      <retired>false</retired>
    </org.openmrs.module.metadatasharing.Item>
    <org.openmrs.module.metadatasharing.Item id="150" uuid="2ccaa65e-b1bd-4463-acd2-898ab4be81b2">
      <id>2466</id>
      <classname>org.openmrs.ConceptSet</classname>
      <dateChanged id="151">2017-04-30 21:33:12</dateChanged>
    </org.openmrs.module.metadatasharing.Item>
    <org.openmrs.module.metadatasharing.Item id="152" uuid="b6069f12-193e-4078-87b3-57feb0cc23b5">
      <id>141209</id>
      <classname>org.openmrs.ConceptName</classname>
      <dateChanged id="153">2017-04-28 05:05:22</dateChanged>
    </org.openmrs.module.metadatasharing.Item>
    <org.openmrs.module.metadatasharing.Item id="154" uuid="be79fc47-b131-4293-95c5-d4d828b4a110">
      <id>18339</id>
      <classname>org.openmrs.ConceptDescription</classname>
      <dateChanged id="155">2017-04-28 05:05:22</dateChanged>
    </org.openmrs.module.metadatasharing.Item>
    <org.openmrs.module.metadatasharing.Item id="156" uuid="3e1a605d-0946-4ac5-8a44-e8991783bb39">
      <id>282987</id>
      <classname>org.openmrs.ConceptMap</classname>
      <dateChanged id="157">2017-05-01 22:36:21</dateChanged>
    </org.openmrs.module.metadatasharing.Item>
    <org.openmrs.module.metadatasharing.Item id="158" uuid="d1e52ffa-d7ec-4db7-a09e-f249468546dd">
      <id>282982</id>
      <classname>org.openmrs.ConceptReferenceTerm</classname>
      <dateChanged id="159">2017-05-01 22:36:21</dateChanged>
      <retired>false</retired>
    </org.openmrs.module.metadatasharing.Item>
    <org.openmrs.module.metadatasharing.Item id="160" uuid="f8bc5014-4c81-4f66-9138-d7521c1cf49e">
      <id>282956</id>
      <classname>org.openmrs.ConceptMap</classname>
      <dateChanged id="161">2017-04-28 05:05:22</dateChanged>
    </org.openmrs.module.metadatasharing.Item>
    <org.openmrs.module.metadatasharing.Item id="162" uuid="2839d006-387c-45af-93a4-0418c4c1e166">
      <id>282953</id>
      <classname>org.openmrs.ConceptReferenceTerm</classname>
      <dateChanged id="163">2017-04-28 05:04:59</dateChanged>
      <retired>false</retired>
    </org.openmrs.module.metadatasharing.Item>
    <org.openmrs.module.metadatasharing.Item id="164" uuid="9a57245a-ad9e-450f-9f53-2266f9b6e41f">
      <id>282957</id>
      <classname>org.openmrs.ConceptMap</classname>
      <dateChanged id="165">2017-04-28 05:05:22</dateChanged>
    </org.openmrs.module.metadatasharing.Item>
    <org.openmrs.module.metadatasharing.Item id="166" uuid="9866b689-772b-47e9-a722-738fc5e35003">
      <id>282954</id>
      <classname>org.openmrs.ConceptReferenceTerm</classname>
      <dateChanged id="167">2017-04-28 05:05:08</dateChanged>
      <retired>false</retired>
    </org.openmrs.module.metadatasharing.Item>
    <org.openmrs.module.metadatasharing.Item id="168" uuid="82506f95-6d51-4b66-aab3-38dbc003bcc9">
      <id>2482</id>
      <classname>org.openmrs.ConceptSet</classname>
      <dateChanged id="169">2017-05-01 20:20:31</dateChanged>
    </org.openmrs.module.metadatasharing.Item>
    <org.openmrs.module.metadatasharing.Item id="170" uuid="9a98103e-dbaa-4041-b58a-1d4b2ecf26f8">
      <id>141211</id>
      <classname>org.openmrs.ConceptName</classname>
      <dateChanged id="171">2017-04-28 05:06:46</dateChanged>
    </org.openmrs.module.metadatasharing.Item>
    <org.openmrs.module.metadatasharing.Item id="172" uuid="b5bd3bb4-a2e3-4d52-9f70-c3f4ff943537">
      <id>18341</id>
      <classname>org.openmrs.ConceptDescription</classname>
      <dateChanged id="173">2017-04-28 05:06:46</dateChanged>
    </org.openmrs.module.metadatasharing.Item>
    <org.openmrs.module.metadatasharing.Item id="174" uuid="f4c9a64c-6771-436d-a27c-953f42d83364">
      <id>282960</id>
      <classname>org.openmrs.ConceptMap</classname>
      <dateChanged id="175">2017-04-28 05:06:46</dateChanged>
    </org.openmrs.module.metadatasharing.Item>
    <org.openmrs.module.metadatasharing.Item id="176" uuid="01146cc4-45f5-4b0a-aa67-a11e0ed38ea5">
      <id>282957</id>
      <classname>org.openmrs.ConceptReferenceTerm</classname>
      <dateChanged id="177">2017-04-28 05:06:21</dateChanged>
      <retired>false</retired>
    </org.openmrs.module.metadatasharing.Item>
    <org.openmrs.module.metadatasharing.Item id="178" uuid="7e188d9b-adae-4bd6-8938-9e6ac6c4808d">
      <id>282988</id>
      <classname>org.openmrs.ConceptMap</classname>
      <dateChanged id="179">2017-05-01 22:36:21</dateChanged>
    </org.openmrs.module.metadatasharing.Item>
    <org.openmrs.module.metadatasharing.Item id="180" uuid="b452eaf9-2eba-44da-bc55-ab523d7c52ba">
      <id>282983</id>
      <classname>org.openmrs.ConceptReferenceTerm</classname>
      <dateChanged id="181">2017-05-01 22:36:21</dateChanged>
      <retired>false</retired>
    </org.openmrs.module.metadatasharing.Item>
    <org.openmrs.module.metadatasharing.Item id="182" uuid="7e8a559f-6794-4fa2-ac8c-af9a775993a8">
      <id>282961</id>
      <classname>org.openmrs.ConceptMap</classname>
      <dateChanged id="183">2017-04-28 05:06:46</dateChanged>
    </org.openmrs.module.metadatasharing.Item>
    <org.openmrs.module.metadatasharing.Item id="184" uuid="7a3771da-557f-44f6-9e9c-e05c63e40f68">
      <id>282958</id>
      <classname>org.openmrs.ConceptReferenceTerm</classname>
      <dateChanged id="185">2017-04-28 05:06:30</dateChanged>
      <retired>false</retired>
    </org.openmrs.module.metadatasharing.Item>
    <org.openmrs.module.metadatasharing.Item id="186" uuid="27d9b433-b662-4ece-a98f-56e0e5c76a98">
      <id>2467</id>
      <classname>org.openmrs.ConceptSet</classname>
      <dateChanged id="187">2017-04-30 21:33:12</dateChanged>
    </org.openmrs.module.metadatasharing.Item>
    <org.openmrs.module.metadatasharing.Item id="188" uuid="a61826f3-cd96-4660-a29b-28d70f00d663">
      <id>141208</id>
      <classname>org.openmrs.ConceptName</classname>
      <dateChanged id="189">2017-04-28 05:08:28</dateChanged>
    </org.openmrs.module.metadatasharing.Item>
    <org.openmrs.module.metadatasharing.Item id="190" uuid="0b7c2b10-78f2-441a-9cb2-7d95a4306d1f">
      <id>18338</id>
      <classname>org.openmrs.ConceptDescription</classname>
      <dateChanged id="191">2017-04-28 05:08:28</dateChanged>
    </org.openmrs.module.metadatasharing.Item>
    <org.openmrs.module.metadatasharing.Item id="192" uuid="265873e2-f0cd-4f94-a772-39a3cf2a8405">
      <id>282954</id>
      <classname>org.openmrs.ConceptMap</classname>
      <dateChanged id="193">2017-04-28 05:08:28</dateChanged>
    </org.openmrs.module.metadatasharing.Item>
    <org.openmrs.module.metadatasharing.Item id="194" uuid="fd72473d-ddf4-4ccc-9d46-ab3d44a4e60d">
      <id>282951</id>
      <classname>org.openmrs.ConceptReferenceTerm</classname>
      <dateChanged id="195">2017-04-28 05:08:14</dateChanged>
      <retired>false</retired>
    </org.openmrs.module.metadatasharing.Item>
    <org.openmrs.module.metadatasharing.Item id="196" uuid="f6632188-fc9c-4809-b220-ceb7b7b99acf">
      <id>282983</id>
      <classname>org.openmrs.ConceptMap</classname>
      <dateChanged id="197">2017-05-01 22:36:21</dateChanged>
    </org.openmrs.module.metadatasharing.Item>
    <org.openmrs.module.metadatasharing.Item id="198" uuid="eb211590-5a5a-4ed3-922b-61c32e19d88a">
      <id>282978</id>
      <classname>org.openmrs.ConceptReferenceTerm</classname>
      <dateChanged id="199">2017-05-01 22:36:20</dateChanged>
      <retired>false</retired>
    </org.openmrs.module.metadatasharing.Item>
    <org.openmrs.module.metadatasharing.Item id="200" uuid="bed7f1bf-9f26-4477-a7c9-29c7875f402c">
      <id>282955</id>
      <classname>org.openmrs.ConceptMap</classname>
      <dateChanged id="201">2017-04-28 05:08:28</dateChanged>
    </org.openmrs.module.metadatasharing.Item>
    <org.openmrs.module.metadatasharing.Item id="202" uuid="6192004d-9cd8-4d11-83d1-b17b3ad33762">
      <id>282952</id>
      <classname>org.openmrs.ConceptReferenceTerm</classname>
      <dateChanged id="203">2017-04-28 05:08:07</dateChanged>
      <retired>false</retired>
    </org.openmrs.module.metadatasharing.Item>
    <org.openmrs.module.metadatasharing.Item id="204" uuid="512cbbf5-cbb9-4c9f-9abe-a0913a7a4114">
      <id>2468</id>
      <classname>org.openmrs.ConceptSet</classname>
      <dateChanged id="205">2017-04-30 21:33:12</dateChanged>
    </org.openmrs.module.metadatasharing.Item>
    <org.openmrs.module.metadatasharing.Item id="206" uuid="0f700574-7ff5-494a-b203-12a3f257efac">
      <id>141204</id>
      <classname>org.openmrs.ConceptName</classname>
      <dateChanged id="207">2017-04-28 05:10:05</dateChanged>
    </org.openmrs.module.metadatasharing.Item>
    <org.openmrs.module.metadatasharing.Item id="208" uuid="7fe39dd8-de30-492c-821b-742001c2d79e">
      <id>18336</id>
      <classname>org.openmrs.ConceptDescription</classname>
      <dateChanged id="209">2017-04-28 05:10:05</dateChanged>
    </org.openmrs.module.metadatasharing.Item>
    <org.openmrs.module.metadatasharing.Item id="210" uuid="d0cdd76e-4c99-425d-ab2b-57ca280db313">
      <id>282978</id>
      <classname>org.openmrs.ConceptMap</classname>
      <dateChanged id="211">2017-05-01 22:36:21</dateChanged>
    </org.openmrs.module.metadatasharing.Item>
    <org.openmrs.module.metadatasharing.Item id="212" uuid="e8e12638-c198-422d-bded-583b7c39e24f">
      <id>282973</id>
      <classname>org.openmrs.ConceptReferenceTerm</classname>
      <dateChanged id="213">2017-05-01 22:36:20</dateChanged>
      <retired>false</retired>
    </org.openmrs.module.metadatasharing.Item>
    <org.openmrs.module.metadatasharing.Item id="214" uuid="60186f71-c0c9-4710-871e-2f1629397b91">
      <id>282946</id>
      <classname>org.openmrs.ConceptMap</classname>
      <dateChanged id="215">2017-04-28 05:10:05</dateChanged>
    </org.openmrs.module.metadatasharing.Item>
    <org.openmrs.module.metadatasharing.Item id="216" uuid="de4c41cd-ba1b-43b9-a4b5-0c0af7f80459">
      <id>282944</id>
      <classname>org.openmrs.ConceptReferenceTerm</classname>
      <dateChanged id="217">2017-04-28 05:09:46</dateChanged>
      <retired>false</retired>
    </org.openmrs.module.metadatasharing.Item>
    <org.openmrs.module.metadatasharing.Item id="218" uuid="4fade9dd-f88d-4791-9a28-356a575c6f45">
      <id>282947</id>
      <classname>org.openmrs.ConceptMap</classname>
      <dateChanged id="219">2017-04-28 05:10:05</dateChanged>
    </org.openmrs.module.metadatasharing.Item>
    <org.openmrs.module.metadatasharing.Item id="220" uuid="0719d5fe-a749-42ee-bf55-6732baa3b061">
      <id>282945</id>
      <classname>org.openmrs.ConceptReferenceTerm</classname>
      <dateChanged id="221">2017-04-28 05:09:53</dateChanged>
      <retired>false</retired>
    </org.openmrs.module.metadatasharing.Item>
    <org.openmrs.module.metadatasharing.Item id="222" uuid="cc8fd285-5a9a-4bbc-be4c-12f50665f986">
      <id>2469</id>
      <classname>org.openmrs.ConceptSet</classname>
      <dateChanged id="223">2017-04-30 21:33:12</dateChanged>
    </org.openmrs.module.metadatasharing.Item>
    <org.openmrs.module.metadatasharing.Item id="224" uuid="52de02fc-fbf4-4352-9253-48a3d2bffd6b">
      <id>141199</id>
      <classname>org.openmrs.ConceptName</classname>
      <dateChanged id="225">2017-04-28 05:11:08</dateChanged>
    </org.openmrs.module.metadatasharing.Item>
    <org.openmrs.module.metadatasharing.Item id="226" uuid="6817e226-abe0-475b-92e2-d65df82f6aa4">
      <id>18332</id>
      <classname>org.openmrs.ConceptDescription</classname>
      <dateChanged id="227">2017-04-28 05:11:08</dateChanged>
    </org.openmrs.module.metadatasharing.Item>
    <org.openmrs.module.metadatasharing.Item id="228" uuid="3a3e13b9-fa52-4045-9530-55c92115b009">
      <id>282936</id>
      <classname>org.openmrs.ConceptMap</classname>
      <dateChanged id="229">2017-04-28 05:11:08</dateChanged>
    </org.openmrs.module.metadatasharing.Item>
    <org.openmrs.module.metadatasharing.Item id="230" uuid="23047818-7d71-4608-8535-77b023f1914c">
      <id>282934</id>
      <classname>org.openmrs.ConceptReferenceTerm</classname>
      <dateChanged id="231">2017-04-28 05:10:44</dateChanged>
      <retired>false</retired>
    </org.openmrs.module.metadatasharing.Item>
    <org.openmrs.module.metadatasharing.Item id="232" uuid="75d50747-c2e7-4914-91bf-e3bd63c458db">
      <id>282973</id>
      <classname>org.openmrs.ConceptMap</classname>
      <dateChanged id="233">2017-05-01 22:36:21</dateChanged>
    </org.openmrs.module.metadatasharing.Item>
    <org.openmrs.module.metadatasharing.Item id="234" uuid="87427cc9-e266-4640-95b4-ebf0f35374d5">
      <id>282968</id>
      <classname>org.openmrs.ConceptReferenceTerm</classname>
      <dateChanged id="235">2017-05-01 22:36:20</dateChanged>
      <retired>false</retired>
    </org.openmrs.module.metadatasharing.Item>
    <org.openmrs.module.metadatasharing.Item id="236" uuid="317063d7-e991-4659-b78e-b6a0b1be901e">
      <id>282937</id>
      <classname>org.openmrs.ConceptMap</classname>
      <dateChanged id="237">2017-04-28 05:11:08</dateChanged>
    </org.openmrs.module.metadatasharing.Item>
    <org.openmrs.module.metadatasharing.Item id="238" uuid="9e879685-b56a-429b-8462-f8c07e75b30d">
      <id>282935</id>
      <classname>org.openmrs.ConceptReferenceTerm</classname>
      <dateChanged id="239">2017-04-28 05:10:54</dateChanged>
      <retired>false</retired>
    </org.openmrs.module.metadatasharing.Item>
    <org.openmrs.module.metadatasharing.Item id="240" uuid="af5d0dc1-0879-41f4-8356-0fa854c2ef44">
      <id>2480</id>
      <classname>org.openmrs.ConceptSet</classname>
      <dateChanged id="241">2017-04-30 21:42:57</dateChanged>
    </org.openmrs.module.metadatasharing.Item>
    <org.openmrs.module.metadatasharing.Item id="242" uuid="8d4a4488-c2cc-11de-8d13-0010c6dffd0f">
      <id>1</id>
      <classname>org.openmrs.ConceptDatatype</classname>
      <dateChanged id="243">2004-02-02 00:00:00</dateChanged>
      <retired>false</retired>
    </org.openmrs.module.metadatasharing.Item>
    <org.openmrs.module.metadatasharing.Item id="244" uuid="8d492774-c2cc-11de-8d13-0010c6dffd0f">
      <id>11</id>
      <classname>org.openmrs.ConceptClass</classname>
      <dateChanged id="245">2004-03-02 00:00:00</dateChanged>
      <retired>false</retired>
    </org.openmrs.module.metadatasharing.Item>
    <org.openmrs.module.metadatasharing.Item id="246" uuid="869f3659-a65c-41d7-927e-2ec89bee66b6">
      <id>141219</id>
      <classname>org.openmrs.ConceptName</classname>
      <dateChanged id="247">2017-04-30 21:40:36</dateChanged>
    </org.openmrs.module.metadatasharing.Item>
    <org.openmrs.module.metadatasharing.Item id="248" uuid="03a18f38-61a9-4107-9bea-01d6dad8ebf6">
      <id>141220</id>
      <classname>org.openmrs.ConceptName</classname>
      <dateChanged id="249">2017-04-30 21:40:36</dateChanged>
    </org.openmrs.module.metadatasharing.Item>
    <org.openmrs.module.metadatasharing.Item id="250" uuid="8ff178f8-15cc-4776-85d6-c431bd33bfdd">
      <id>18346</id>
      <classname>org.openmrs.ConceptDescription</classname>
      <dateChanged id="251">2017-04-30 21:40:36</dateChanged>
    </org.openmrs.module.metadatasharing.Item>
    <org.openmrs.module.metadatasharing.Item id="252" uuid="2e671dfd-b052-4886-bb50-bbbb0b154879">
      <id>282970</id>
      <classname>org.openmrs.ConceptMap</classname>
      <dateChanged id="253">2017-04-30 21:40:36</dateChanged>
    </org.openmrs.module.metadatasharing.Item>
    <org.openmrs.module.metadatasharing.Item id="254" uuid="11bf93be-9ea0-423e-9234-6a6105f31592">
      <id>282966</id>
      <classname>org.openmrs.ConceptReferenceTerm</classname>
      <dateChanged id="255">2017-04-30 21:40:27</dateChanged>
      <retired>false</retired>
    </org.openmrs.module.metadatasharing.Item>
    <org.openmrs.module.metadatasharing.Item id="256" uuid="a68c716a-2f66-4a92-b6b4-b758aaefdd7f">
      <id>18345</id>
      <classname>org.openmrs.ConceptDescription</classname>
      <dateChanged id="257">2017-04-30 21:33:12</dateChanged>
    </org.openmrs.module.metadatasharing.Item>
    <org.openmrs.module.metadatasharing.Item id="258" uuid="c1992b1e-a226-4b53-9910-1010a0810c05">
      <id>282969</id>
      <classname>org.openmrs.ConceptMap</classname>
      <dateChanged id="259">2017-04-30 21:33:12</dateChanged>
    </org.openmrs.module.metadatasharing.Item>
    <org.openmrs.module.metadatasharing.Item id="260" uuid="aa9e31e9-4ef2-493b-98c2-4de3d5d24ffa">
      <id>282964</id>
      <classname>org.openmrs.ConceptReferenceTerm</classname>
      <dateChanged id="261">2017-04-30 21:30:20</dateChanged>
      <retired>false</retired>
    </org.openmrs.module.metadatasharing.Item>
    <org.openmrs.module.metadatasharing.Item id="262" uuid="0f22854e-21fc-43b0-a53e-7c9272400522">
      <id>141197</id>
      <classname>org.openmrs.ConceptName</classname>
      <dateChanged id="263">2017-04-28 05:39:46</dateChanged>
    </org.openmrs.module.metadatasharing.Item>
    <org.openmrs.module.metadatasharing.Item id="264" uuid="a044211e-2fee-4aff-a499-f69895b2d564">
      <id>18330</id>
      <classname>org.openmrs.ConceptDescription</classname>
      <dateChanged id="265">2017-04-28 05:39:46</dateChanged>
    </org.openmrs.module.metadatasharing.Item>
    <org.openmrs.module.metadatasharing.Item id="266" uuid="05b0b7f8-4fc0-45e3-9824-4ba1249d5ccd">
      <id>282972</id>
      <classname>org.openmrs.ConceptMap</classname>
      <dateChanged id="267">2017-05-01 22:36:21</dateChanged>
    </org.openmrs.module.metadatasharing.Item>
    <org.openmrs.module.metadatasharing.Item id="268" uuid="e82a8631-ea7b-435e-852c-4d59ded6dcba">
      <id>282967</id>
      <classname>org.openmrs.ConceptReferenceTerm</classname>
      <dateChanged id="269">2017-05-01 22:36:20</dateChanged>
      <retired>false</retired>
    </org.openmrs.module.metadatasharing.Item>
    <org.openmrs.module.metadatasharing.Item id="270" uuid="947ec161-bf42-46a1-95d1-5dbb533b4085">
      <id>282934</id>
      <classname>org.openmrs.ConceptMap</classname>
      <dateChanged id="271">2017-04-28 05:39:46</dateChanged>
    </org.openmrs.module.metadatasharing.Item>
    <org.openmrs.module.metadatasharing.Item id="272" uuid="34991e1c-cccc-3ba9-a705-2ac90dc8692c">
      <id>132705</id>
      <classname>org.openmrs.ConceptReferenceTerm</classname>
      <dateChanged id="273">2017-04-30 21:11:24</dateChanged>
      <retired>false</retired>
    </org.openmrs.module.metadatasharing.Item>
    <org.openmrs.module.metadatasharing.Item id="274" uuid="14f647f2-8a0e-4672-968c-b9494ed2334c">
      <id>141202</id>
      <classname>org.openmrs.ConceptName</classname>
      <dateChanged id="275">2017-04-28 05:30:04</dateChanged>
    </org.openmrs.module.metadatasharing.Item>
    <org.openmrs.module.metadatasharing.Item id="276" uuid="70cffee3-7599-4f8c-a30b-b4af4e6a2559">
      <id>18334</id>
      <classname>org.openmrs.ConceptDescription</classname>
      <dateChanged id="277">2017-04-28 05:30:04</dateChanged>
    </org.openmrs.module.metadatasharing.Item>
    <org.openmrs.module.metadatasharing.Item id="278" uuid="2010a6f0-202a-4669-9bc8-e0ab897f4cec">
      <id>282942</id>
      <classname>org.openmrs.ConceptMap</classname>
      <dateChanged id="279">2017-04-28 05:30:04</dateChanged>
    </org.openmrs.module.metadatasharing.Item>
    <org.openmrs.module.metadatasharing.Item id="280" uuid="a6022ca4-849b-46fc-97d7-8bca2427bffb">
      <id>282940</id>
      <classname>org.openmrs.ConceptReferenceTerm</classname>
      <dateChanged id="281">2017-04-28 05:29:43</dateChanged>
      <retired>false</retired>
    </org.openmrs.module.metadatasharing.Item>
    <org.openmrs.module.metadatasharing.Item id="282" uuid="d9f7efe3-1b70-4b14-bb5f-87eebdb7c533">
      <id>282976</id>
      <classname>org.openmrs.ConceptMap</classname>
      <dateChanged id="283">2017-05-01 22:36:21</dateChanged>
    </org.openmrs.module.metadatasharing.Item>
    <org.openmrs.module.metadatasharing.Item id="284" uuid="3e2f436c-fbfe-43a6-a10a-eeb2cf41aa3a">
      <id>282971</id>
      <classname>org.openmrs.ConceptReferenceTerm</classname>
      <dateChanged id="285">2017-05-01 22:36:20</dateChanged>
      <retired>false</retired>
    </org.openmrs.module.metadatasharing.Item>
    <org.openmrs.module.metadatasharing.Item id="286" uuid="562f78f1-f0a5-4686-943f-74952a9cf6e6">
      <id>282943</id>
      <classname>org.openmrs.ConceptMap</classname>
      <dateChanged id="287">2017-04-28 05:30:04</dateChanged>
    </org.openmrs.module.metadatasharing.Item>
    <org.openmrs.module.metadatasharing.Item id="288" uuid="3a68796a-5196-414c-8a4a-d2c351542059">
      <id>282941</id>
      <classname>org.openmrs.ConceptReferenceTerm</classname>
      <dateChanged id="289">2017-04-28 05:29:52</dateChanged>
      <retired>false</retired>
    </org.openmrs.module.metadatasharing.Item>
    <org.openmrs.module.metadatasharing.Item id="290" uuid="4b684a23-6765-4095-8b0c-c8a0b49cbb4b">
      <id>141203</id>
      <classname>org.openmrs.ConceptName</classname>
      <dateChanged id="291">2017-04-28 05:28:48</dateChanged>
    </org.openmrs.module.metadatasharing.Item>
    <org.openmrs.module.metadatasharing.Item id="292" uuid="2a972cfa-f6f5-4b8f-b302-755610cb8c64">
      <id>18335</id>
      <classname>org.openmrs.ConceptDescription</classname>
      <dateChanged id="293">2017-04-28 05:28:48</dateChanged>
    </org.openmrs.module.metadatasharing.Item>
    <org.openmrs.module.metadatasharing.Item id="294" uuid="0d7e6017-e970-4183-b9cf-babcd967470b">
      <id>282977</id>
      <classname>org.openmrs.ConceptMap</classname>
      <dateChanged id="295">2017-05-01 22:36:21</dateChanged>
    </org.openmrs.module.metadatasharing.Item>
    <org.openmrs.module.metadatasharing.Item id="296" uuid="24038a82-016a-4876-98d2-d8762dc7699b">
      <id>282972</id>
      <classname>org.openmrs.ConceptReferenceTerm</classname>
      <dateChanged id="297">2017-05-01 22:36:20</dateChanged>
      <retired>false</retired>
    </org.openmrs.module.metadatasharing.Item>
    <org.openmrs.module.metadatasharing.Item id="298" uuid="6fa4ec95-4ebf-44d9-97fd-50d4ab27a9c3">
      <id>282944</id>
      <classname>org.openmrs.ConceptMap</classname>
      <dateChanged id="299">2017-04-28 05:28:48</dateChanged>
    </org.openmrs.module.metadatasharing.Item>
    <org.openmrs.module.metadatasharing.Item id="300" uuid="0f2c1817-a52f-4f33-98ae-6830439b4039">
      <id>282942</id>
      <classname>org.openmrs.ConceptReferenceTerm</classname>
      <dateChanged id="301">2017-04-28 05:28:27</dateChanged>
      <retired>false</retired>
    </org.openmrs.module.metadatasharing.Item>
    <org.openmrs.module.metadatasharing.Item id="302" uuid="02889c37-6583-40b5-a9c8-ced6bc7907eb">
      <id>282945</id>
      <classname>org.openmrs.ConceptMap</classname>
      <dateChanged id="303">2017-04-28 05:28:48</dateChanged>
    </org.openmrs.module.metadatasharing.Item>
    <org.openmrs.module.metadatasharing.Item id="304" uuid="650e123d-45db-4cb5-803e-c06f3214f168">
      <id>282943</id>
      <classname>org.openmrs.ConceptReferenceTerm</classname>
      <dateChanged id="305">2017-04-28 05:28:38</dateChanged>
      <retired>false</retired>
    </org.openmrs.module.metadatasharing.Item>
    <org.openmrs.module.metadatasharing.Item id="306" uuid="141217c2-964b-44b7-b9d0-61ba645d4110">
      <id>141221</id>
      <classname>org.openmrs.ConceptName</classname>
      <dateChanged id="307">2017-04-30 21:40:51</dateChanged>
    </org.openmrs.module.metadatasharing.Item>
    <org.openmrs.module.metadatasharing.Item id="308" uuid="064fe860-f642-43d9-a3ae-e4d265d7bfaa">
      <id>141222</id>
      <classname>org.openmrs.ConceptName</classname>
      <dateChanged id="309">2017-04-30 21:40:51</dateChanged>
    </org.openmrs.module.metadatasharing.Item>
    <org.openmrs.module.metadatasharing.Item id="310" uuid="aa5446b6-c5e9-4da5-b838-ad38c71d03bc">
      <id>2470</id>
      <classname>org.openmrs.ConceptSet</classname>
      <dateChanged id="311">2017-04-30 21:40:51</dateChanged>
    </org.openmrs.module.metadatasharing.Item>
    <org.openmrs.module.metadatasharing.Item id="312" uuid="1dd15fe8-68fb-49d8-93e4-354e75f15d65">
      <id>2486</id>
      <classname>org.openmrs.ConceptSet</classname>
      <dateChanged id="313">2017-05-01 20:55:47</dateChanged>
    </org.openmrs.module.metadatasharing.Item>
    <org.openmrs.module.metadatasharing.Item id="314" uuid="6adf90b1-babd-4530-8759-453c92e232b3">
      <id>2472</id>
      <classname>org.openmrs.ConceptSet</classname>
      <dateChanged id="315">2017-04-30 21:40:51</dateChanged>
    </org.openmrs.module.metadatasharing.Item>
    <org.openmrs.module.metadatasharing.Item id="316" uuid="02d0c313-54cd-43b3-b8bb-dc771bf52bee">
      <id>2473</id>
      <classname>org.openmrs.ConceptSet</classname>
      <dateChanged id="317">2017-04-30 21:40:51</dateChanged>
    </org.openmrs.module.metadatasharing.Item>
    <org.openmrs.module.metadatasharing.Item id="318" uuid="a46605f3-b3a1-4914-adbc-794ecbeb8317">
      <id>2474</id>
      <classname>org.openmrs.ConceptSet</classname>
      <dateChanged id="319">2017-04-30 21:40:51</dateChanged>
    </org.openmrs.module.metadatasharing.Item>
    <org.openmrs.module.metadatasharing.Item id="320" uuid="8ae41047-8b3e-40d1-9b55-41fe31a793b9">
      <id>2475</id>
      <classname>org.openmrs.ConceptSet</classname>
      <dateChanged id="321">2017-04-30 21:40:51</dateChanged>
    </org.openmrs.module.metadatasharing.Item>
    <org.openmrs.module.metadatasharing.Item id="322" uuid="e79a7c97-a49f-41d5-b8a4-85f5466ce5f1">
      <id>2483</id>
      <classname>org.openmrs.ConceptSet</classname>
      <dateChanged id="323">2017-05-01 20:20:50</dateChanged>
    </org.openmrs.module.metadatasharing.Item>
    <org.openmrs.module.metadatasharing.Item id="324" uuid="84fc699a-952b-46be-b5e2-53539fc87efa">
      <id>2476</id>
      <classname>org.openmrs.ConceptSet</classname>
      <dateChanged id="325">2017-04-30 21:40:51</dateChanged>
    </org.openmrs.module.metadatasharing.Item>
    <org.openmrs.module.metadatasharing.Item id="326" uuid="4061b155-fe96-4a57-825f-0171edf4d079">
      <id>2488</id>
      <classname>org.openmrs.ConceptSet</classname>
      <dateChanged id="327">2017-05-01 21:08:16</dateChanged>
    </org.openmrs.module.metadatasharing.Item>
    <org.openmrs.module.metadatasharing.Item id="328" uuid="1ca91054-fbff-4258-9459-b2d9f0f16dec">
      <id>2477</id>
      <classname>org.openmrs.ConceptSet</classname>
      <dateChanged id="329">2017-04-30 21:40:51</dateChanged>
    </org.openmrs.module.metadatasharing.Item>
    <org.openmrs.module.metadatasharing.Item id="330" uuid="56571e6f-596d-43c7-b7a5-04b684b12269">
      <id>2478</id>
      <classname>org.openmrs.ConceptSet</classname>
      <dateChanged id="331">2017-04-30 21:40:51</dateChanged>
    </org.openmrs.module.metadatasharing.Item>
    <org.openmrs.module.metadatasharing.Item id="332" uuid="69b7c79b-59f9-4ffc-b27f-a6a5b8452e38">
      <id>18347</id>
      <classname>org.openmrs.ConceptDescription</classname>
      <dateChanged id="333">2017-04-30 21:40:51</dateChanged>
    </org.openmrs.module.metadatasharing.Item>
    <org.openmrs.module.metadatasharing.Item id="334" uuid="93531b9a-e7d3-4ab3-a465-c9c2cc96cb45">
      <id>282971</id>
      <classname>org.openmrs.ConceptMap</classname>
      <dateChanged id="335">2017-04-30 21:40:51</dateChanged>
    </org.openmrs.module.metadatasharing.Item>
    <org.openmrs.module.metadatasharing.Item id="336" uuid="71c4fe2c-e038-472e-99c9-6ecc9c5636c5">
      <id>282965</id>
      <classname>org.openmrs.ConceptReferenceTerm</classname>
      <dateChanged id="337">2017-04-30 21:34:44</dateChanged>
      <retired>false</retired>
    </org.openmrs.module.metadatasharing.Item>
    <org.openmrs.module.metadatasharing.Item id="338" uuid="568188cf-87a8-4b4d-b48f-e2b91ee1b5a6">
      <id>141205</id>
      <classname>org.openmrs.ConceptName</classname>
      <dateChanged id="339">2017-04-28 05:21:57</dateChanged>
    </org.openmrs.module.metadatasharing.Item>
    <org.openmrs.module.metadatasharing.Item id="340" uuid="cc330c09-511d-4f61-bec5-0d3639b4b0de">
      <id>18337</id>
      <classname>org.openmrs.ConceptDescription</classname>
      <dateChanged id="341">2017-04-28 05:21:57</dateChanged>
    </org.openmrs.module.metadatasharing.Item>
    <org.openmrs.module.metadatasharing.Item id="342" uuid="19251024-98e1-4713-8e9a-28c3571755cf">
      <id>282948</id>
      <classname>org.openmrs.ConceptMap</classname>
      <dateChanged id="343">2017-04-28 05:21:57</dateChanged>
    </org.openmrs.module.metadatasharing.Item>
    <org.openmrs.module.metadatasharing.Item id="344" uuid="906f9920-bf46-31be-ac3f-520e33f4a29f">
      <id>133311</id>
      <classname>org.openmrs.ConceptReferenceTerm</classname>
      <dateChanged id="345">2017-04-30 21:11:25</dateChanged>
      <retired>false</retired>
    </org.openmrs.module.metadatasharing.Item>
    <org.openmrs.module.metadatasharing.Item id="346" uuid="5bf5401a-3e46-425e-ba5c-7b68dcfe334a">
      <id>282949</id>
      <classname>org.openmrs.ConceptMap</classname>
      <dateChanged id="347">2017-04-28 05:21:57</dateChanged>
    </org.openmrs.module.metadatasharing.Item>
    <org.openmrs.module.metadatasharing.Item id="348" uuid="d4279b08-4a17-43c3-aa51-574e0928e06e">
      <id>282946</id>
      <classname>org.openmrs.ConceptReferenceTerm</classname>
      <dateChanged id="349">2017-04-28 05:21:38</dateChanged>
      <retired>false</retired>
    </org.openmrs.module.metadatasharing.Item>
    <org.openmrs.module.metadatasharing.Item id="350" uuid="cc56eb2c-231a-4ed8-b41d-9ebb34f36293">
      <id>282979</id>
      <classname>org.openmrs.ConceptMap</classname>
      <dateChanged id="351">2017-05-01 22:36:21</dateChanged>
    </org.openmrs.module.metadatasharing.Item>
    <org.openmrs.module.metadatasharing.Item id="352" uuid="6cb60e3a-1c48-4b56-a7f2-a54dc247bf64">
      <id>282974</id>
      <classname>org.openmrs.ConceptReferenceTerm</classname>
      <dateChanged id="353">2017-05-01 22:36:20</dateChanged>
      <retired>false</retired>
    </org.openmrs.module.metadatasharing.Item>
    <org.openmrs.module.metadatasharing.Item id="354" uuid="483a7277-d75b-41a4-bf59-283162f0109d">
      <id>141210</id>
      <classname>org.openmrs.ConceptName</classname>
      <dateChanged id="355">2017-04-28 04:54:35</dateChanged>
    </org.openmrs.module.metadatasharing.Item>
    <org.openmrs.module.metadatasharing.Item id="356" uuid="b37c539a-405c-4eac-9506-ab395472d5b9">
      <id>2444</id>
      <classname>org.openmrs.ConceptSet</classname>
      <dateChanged id="357">2017-04-28 05:13:44</dateChanged>
    </org.openmrs.module.metadatasharing.Item>
    <org.openmrs.module.metadatasharing.Item id="358" uuid="59805285-f576-4718-b229-b51e0332755e">
      <id>2445</id>
      <classname>org.openmrs.ConceptSet</classname>
      <dateChanged id="359">2017-04-28 05:13:44</dateChanged>
    </org.openmrs.module.metadatasharing.Item>
    <org.openmrs.module.metadatasharing.Item id="360" uuid="19c2bc5a-31ac-463b-937e-648370bda6a1">
      <id>164932</id>
      <classname>org.openmrs.Concept</classname>
      <dateChanged id="361">2017-04-30 21:11:23</dateChanged>
      <retired>false</retired>
    </org.openmrs.module.metadatasharing.Item>
    <org.openmrs.module.metadatasharing.Item id="362" uuid="91797dfd-8fd2-4268-8a4e-ef278c23e6fc">
      <id>141201</id>
      <classname>org.openmrs.ConceptName</classname>
      <dateChanged id="363">2017-04-28 04:59:36</dateChanged>
    </org.openmrs.module.metadatasharing.Item>
    <org.openmrs.module.metadatasharing.Item id="364" uuid="bc962259-5bc5-446e-b5db-ec60e82c1782">
      <id>282940</id>
      <classname>org.openmrs.ConceptMap</classname>
      <dateChanged id="365">2017-04-28 04:59:36</dateChanged>
    </org.openmrs.module.metadatasharing.Item>
    <org.openmrs.module.metadatasharing.Item id="366" uuid="7d4006d4-9577-480d-9873-b87e97ab492e">
      <id>282938</id>
      <classname>org.openmrs.ConceptReferenceTerm</classname>
      <dateChanged id="367">2017-04-28 04:59:21</dateChanged>
      <retired>false</retired>
    </org.openmrs.module.metadatasharing.Item>
    <org.openmrs.module.metadatasharing.Item id="368" uuid="0330550a-6c47-4d8f-b6c0-c2e6c69aa5bb">
      <id>282990</id>
      <classname>org.openmrs.ConceptMap</classname>
      <dateChanged id="369">2017-05-01 22:36:22</dateChanged>
    </org.openmrs.module.metadatasharing.Item>
    <org.openmrs.module.metadatasharing.Item id="370" uuid="8cecf7d3-9cf8-4e85-8c29-e9e73a32cd01">
      <id>282985</id>
      <classname>org.openmrs.ConceptReferenceTerm</classname>
      <dateChanged id="371">2017-05-01 22:36:22</dateChanged>
      <retired>false</retired>
    </org.openmrs.module.metadatasharing.Item>
    <org.openmrs.module.metadatasharing.Item id="372" uuid="e6cf88c8-dbd6-43dc-88c1-0ec43811f95a">
      <id>282941</id>
      <classname>org.openmrs.ConceptMap</classname>
      <dateChanged id="373">2017-04-28 04:59:36</dateChanged>
    </org.openmrs.module.metadatasharing.Item>
    <org.openmrs.module.metadatasharing.Item id="374" uuid="49d7d50e-72e2-446c-a2a4-b4657459206e">
      <id>282939</id>
      <classname>org.openmrs.ConceptReferenceTerm</classname>
      <dateChanged id="375">2017-04-28 04:59:13</dateChanged>
      <retired>false</retired>
    </org.openmrs.module.metadatasharing.Item>
    <org.openmrs.module.metadatasharing.Item id="376" uuid="b76ac1ce-a834-4801-a8e7-3c6783035a32">
      <id>2441</id>
      <classname>org.openmrs.ConceptSet</classname>
      <dateChanged id="377">2017-04-28 05:13:44</dateChanged>
    </org.openmrs.module.metadatasharing.Item>
    <org.openmrs.module.metadatasharing.Item id="378" uuid="69268ea0-0f71-43b5-b031-44d50a802a1c">
      <id>2439</id>
      <classname>org.openmrs.ConceptSet</classname>
      <dateChanged id="379">2017-04-28 05:13:44</dateChanged>
    </org.openmrs.module.metadatasharing.Item>
    <org.openmrs.module.metadatasharing.Item id="380" uuid="ffd8b7ef-7fd6-45df-97c8-a52807dbdc64">
      <id>2437</id>
      <classname>org.openmrs.ConceptSet</classname>
      <dateChanged id="381">2017-04-28 05:13:44</dateChanged>
    </org.openmrs.module.metadatasharing.Item>
    <org.openmrs.module.metadatasharing.Item id="382" uuid="16d4d186-e131-4aa6-a62c-e9e7855f1440">
      <id>2443</id>
      <classname>org.openmrs.ConceptSet</classname>
      <dateChanged id="383">2017-04-28 05:13:44</dateChanged>
    </org.openmrs.module.metadatasharing.Item>
    <org.openmrs.module.metadatasharing.Item id="384" uuid="744b4434-12cf-4ea6-b2eb-78e636e3ad1b">
      <id>2442</id>
      <classname>org.openmrs.ConceptSet</classname>
      <dateChanged id="385">2017-04-28 05:13:44</dateChanged>
    </org.openmrs.module.metadatasharing.Item>
    <org.openmrs.module.metadatasharing.Item id="386" uuid="043b8f58-46ed-47d1-845f-f77cb08cf3ea">
      <id>2438</id>
      <classname>org.openmrs.ConceptSet</classname>
      <dateChanged id="387">2017-04-28 05:13:44</dateChanged>
    </org.openmrs.module.metadatasharing.Item>
    <org.openmrs.module.metadatasharing.Item id="388" uuid="efa3bdfa-1b0c-4d17-9042-1dd0e1e5b78d">
      <id>2440</id>
      <classname>org.openmrs.ConceptSet</classname>
      <dateChanged id="389">2017-04-28 05:13:44</dateChanged>
    </org.openmrs.module.metadatasharing.Item>
    <org.openmrs.module.metadatasharing.Item id="390" uuid="56cf829a-b1ec-4c6f-a9d7-41627e6ecc37">
      <id>18340</id>
      <classname>org.openmrs.ConceptDescription</classname>
      <dateChanged id="391">2017-04-28 04:54:35</dateChanged>
    </org.openmrs.module.metadatasharing.Item>
    <org.openmrs.module.metadatasharing.Item id="392" uuid="e1bd2833-ab52-4511-baec-f7c78c90d4f6">
      <id>282981</id>
      <classname>org.openmrs.ConceptMap</classname>
      <dateChanged id="393">2017-05-01 22:36:21</dateChanged>
    </org.openmrs.module.metadatasharing.Item>
    <org.openmrs.module.metadatasharing.Item id="394" uuid="4c00dade-c639-414c-91b7-6a8e684c64a5">
      <id>282976</id>
      <classname>org.openmrs.ConceptReferenceTerm</classname>
      <dateChanged id="395">2017-05-01 22:36:20</dateChanged>
      <retired>false</retired>
    </org.openmrs.module.metadatasharing.Item>
    <org.openmrs.module.metadatasharing.Item id="396" uuid="8bb335e5-9fdf-4ca4-a5b4-d3dca13ee894">
      <id>282958</id>
      <classname>org.openmrs.ConceptMap</classname>
      <dateChanged id="397">2017-04-28 04:55:45</dateChanged>
    </org.openmrs.module.metadatasharing.Item>
    <org.openmrs.module.metadatasharing.Item id="398" uuid="a9516b99-9cf2-4e4a-8b91-2d1f254bec92">
      <id>282955</id>
      <classname>org.openmrs.ConceptReferenceTerm</classname>
      <dateChanged id="399">2017-04-28 04:55:13</dateChanged>
      <retired>false</retired>
    </org.openmrs.module.metadatasharing.Item>
    <org.openmrs.module.metadatasharing.Item id="400" uuid="51ff1611-fc09-4a58-908c-265f515c9c1d">
      <id>282959</id>
      <classname>org.openmrs.ConceptMap</classname>
      <dateChanged id="401">2017-04-28 04:55:45</dateChanged>
    </org.openmrs.module.metadatasharing.Item>
    <org.openmrs.module.metadatasharing.Item id="402" uuid="094cb3ea-0d08-4f29-ac70-954c6b97722b">
      <id>282956</id>
      <classname>org.openmrs.ConceptReferenceTerm</classname>
      <dateChanged id="403">2017-04-28 04:55:36</dateChanged>
      <retired>false</retired>
    </org.openmrs.module.metadatasharing.Item>
    <org.openmrs.module.metadatasharing.Item id="404" uuid="6ca6e332-6c3b-4c4b-9f29-8fb424ca66d2">
      <id>141215</id>
      <classname>org.openmrs.ConceptName</classname>
      <dateChanged id="405">2017-04-30 21:29:00</dateChanged>
    </org.openmrs.module.metadatasharing.Item>
    <org.openmrs.module.metadatasharing.Item id="406" uuid="14be1a73-4422-4360-bda6-3ceb81e1f311">
      <id>141216</id>
      <classname>org.openmrs.ConceptName</classname>
      <dateChanged id="407">2017-04-30 21:29:00</dateChanged>
    </org.openmrs.module.metadatasharing.Item>
    <org.openmrs.module.metadatasharing.Item id="408" uuid="2a38479e-0101-4636-bb9d-1e8d529eb537">
      <id>2452</id>
      <classname>org.openmrs.ConceptSet</classname>
      <dateChanged id="409">2017-04-30 21:29:00</dateChanged>
    </org.openmrs.module.metadatasharing.Item>
    <org.openmrs.module.metadatasharing.Item id="410" uuid="6dcad520-0155-4649-a6cf-ea13e3e93c6b">
      <id>2485</id>
      <classname>org.openmrs.ConceptSet</classname>
      <dateChanged id="411">2017-05-01 20:54:30</dateChanged>
    </org.openmrs.module.metadatasharing.Item>
    <org.openmrs.module.metadatasharing.Item id="412" uuid="9c94c582-5a8e-4f64-9fb0-c38628c89f13">
      <id>2454</id>
      <classname>org.openmrs.ConceptSet</classname>
      <dateChanged id="413">2017-04-30 21:29:00</dateChanged>
    </org.openmrs.module.metadatasharing.Item>
    <org.openmrs.module.metadatasharing.Item id="414" uuid="572187a9-becd-4ca1-8d63-c00609059442">
      <id>2455</id>
      <classname>org.openmrs.ConceptSet</classname>
      <dateChanged id="415">2017-04-30 21:29:00</dateChanged>
    </org.openmrs.module.metadatasharing.Item>
    <org.openmrs.module.metadatasharing.Item id="416" uuid="5c1a4ba4-b1db-47a7-9983-5e0f52d78427">
      <id>2456</id>
      <classname>org.openmrs.ConceptSet</classname>
      <dateChanged id="417">2017-04-30 21:29:00</dateChanged>
    </org.openmrs.module.metadatasharing.Item>
    <org.openmrs.module.metadatasharing.Item id="418" uuid="967cc8f1-69c4-440e-a55d-8e8a0f838061">
      <id>2457</id>
      <classname>org.openmrs.ConceptSet</classname>
      <dateChanged id="419">2017-04-30 21:29:00</dateChanged>
    </org.openmrs.module.metadatasharing.Item>
    <org.openmrs.module.metadatasharing.Item id="420" uuid="daa29bf8-d374-41d7-8b1d-2825991c7fe8">
      <id>2481</id>
      <classname>org.openmrs.ConceptSet</classname>
      <dateChanged id="421">2017-05-01 20:19:46</dateChanged>
    </org.openmrs.module.metadatasharing.Item>
    <org.openmrs.module.metadatasharing.Item id="422" uuid="f78caa71-eedf-45b2-9302-86dcabd8f4a7">
      <id>2458</id>
      <classname>org.openmrs.ConceptSet</classname>
      <dateChanged id="423">2017-04-30 21:29:00</dateChanged>
    </org.openmrs.module.metadatasharing.Item>
    <org.openmrs.module.metadatasharing.Item id="424" uuid="c08e848b-ffae-4907-9579-7fcd370bf4b5">
      <id>2459</id>
      <classname>org.openmrs.ConceptSet</classname>
      <dateChanged id="425">2017-04-30 21:29:00</dateChanged>
    </org.openmrs.module.metadatasharing.Item>
    <org.openmrs.module.metadatasharing.Item id="426" uuid="fbb7f081-b4fe-4389-b11c-ec57f7078770">
      <id>2460</id>
      <classname>org.openmrs.ConceptSet</classname>
      <dateChanged id="427">2017-04-30 21:29:00</dateChanged>
    </org.openmrs.module.metadatasharing.Item>
    <org.openmrs.module.metadatasharing.Item id="428" uuid="97921399-38e6-41bc-9472-64f8eefde973">
      <id>2479</id>
      <classname>org.openmrs.ConceptSet</classname>
      <dateChanged id="429">2017-04-30 21:41:36</dateChanged>
    </org.openmrs.module.metadatasharing.Item>
    <org.openmrs.module.metadatasharing.Item id="430" uuid="ed8ce6dd-11b9-4a35-843e-dd04989b2db0">
      <id>18344</id>
      <classname>org.openmrs.ConceptDescription</classname>
      <dateChanged id="431">2017-04-30 21:29:00</dateChanged>
    </org.openmrs.module.metadatasharing.Item>
    <org.openmrs.module.metadatasharing.Item id="432" uuid="040393e8-f13a-462f-b286-411982d99030">
      <id>282968</id>
      <classname>org.openmrs.ConceptMap</classname>
      <dateChanged id="433">2017-04-30 21:29:00</dateChanged>
    </org.openmrs.module.metadatasharing.Item>
    <org.openmrs.module.metadatasharing.Item id="434" uuid="a865c05f-3a7e-4b8a-a2eb-15b0715ec15d">
      <id>282963</id>
      <classname>org.openmrs.ConceptReferenceTerm</classname>
      <dateChanged id="435">2017-04-30 21:21:42</dateChanged>
      <retired>false</retired>
    </org.openmrs.module.metadatasharing.Item>
    <org.openmrs.module.metadatasharing.Item id="436" uuid="cd3946d2-4a35-4eeb-bfab-0c6e0a7b0746">
      <id>141214</id>
      <classname>org.openmrs.ConceptName</classname>
      <dateChanged id="437">2017-04-28 05:23:33</dateChanged>
    </org.openmrs.module.metadatasharing.Item>
    <org.openmrs.module.metadatasharing.Item id="438" uuid="17dd39e3-0651-447f-9725-2ad352da800a">
      <id>18343</id>
      <classname>org.openmrs.ConceptDescription</classname>
      <dateChanged id="439">2017-04-28 05:23:33</dateChanged>
    </org.openmrs.module.metadatasharing.Item>
    <org.openmrs.module.metadatasharing.Item id="440" uuid="2020c2bf-0723-470c-a530-ea1cdb0c8974">
      <id>282984</id>
      <classname>org.openmrs.ConceptMap</classname>
      <dateChanged id="441">2017-05-01 22:36:21</dateChanged>
    </org.openmrs.module.metadatasharing.Item>
    <org.openmrs.module.metadatasharing.Item id="442" uuid="e3e9d3c8-b197-4db3-8484-d5e6b7789b02">
      <id>282979</id>
      <classname>org.openmrs.ConceptReferenceTerm</classname>
      <dateChanged id="443">2017-05-01 22:36:20</dateChanged>
      <retired>false</retired>
    </org.openmrs.module.metadatasharing.Item>
    <org.openmrs.module.metadatasharing.Item id="444" uuid="7060ef72-12b2-4995-8ab1-864ee77ed19a">
      <id>282966</id>
      <classname>org.openmrs.ConceptMap</classname>
      <dateChanged id="445">2017-04-28 05:23:33</dateChanged>
    </org.openmrs.module.metadatasharing.Item>
    <org.openmrs.module.metadatasharing.Item id="446" uuid="1ba87687-dd57-4289-a704-97cee85b2c31">
      <id>282961</id>
      <classname>org.openmrs.ConceptReferenceTerm</classname>
      <dateChanged id="447">2017-04-28 05:23:23</dateChanged>
      <retired>false</retired>
    </org.openmrs.module.metadatasharing.Item>
    <org.openmrs.module.metadatasharing.Item id="448" uuid="8646cd32-41c2-4fcb-97ac-018ea8710f80">
      <id>282967</id>
      <classname>org.openmrs.ConceptMap</classname>
      <dateChanged id="449">2017-04-28 05:23:33</dateChanged>
    </org.openmrs.module.metadatasharing.Item>
    <org.openmrs.module.metadatasharing.Item id="450" uuid="4dae98c1-ff54-4a20-815e-a3031925c97a">
      <id>282962</id>
      <classname>org.openmrs.ConceptReferenceTerm</classname>
      <dateChanged id="451">2017-04-28 05:23:18</dateChanged>
      <retired>false</retired>
    </org.openmrs.module.metadatasharing.Item>
    <org.openmrs.module.metadatasharing.Item id="452" uuid="434bc290-0cc6-4db1-8e1b-03418a4e39d7">
      <id>141213</id>
      <classname>org.openmrs.ConceptName</classname>
      <dateChanged id="453">2017-04-28 05:27:25</dateChanged>
    </org.openmrs.module.metadatasharing.Item>
    <org.openmrs.module.metadatasharing.Item id="454" uuid="5abbb0b2-1618-4953-9db5-ff5d82129020">
      <id>18342</id>
      <classname>org.openmrs.ConceptDescription</classname>
      <dateChanged id="455">2017-04-28 05:27:25</dateChanged>
    </org.openmrs.module.metadatasharing.Item>
    <org.openmrs.module.metadatasharing.Item id="456" uuid="6d6c70da-265a-489b-abe6-d43996d5fc43">
      <id>282964</id>
      <classname>org.openmrs.ConceptMap</classname>
      <dateChanged id="457">2017-04-28 05:27:25</dateChanged>
    </org.openmrs.module.metadatasharing.Item>
    <org.openmrs.module.metadatasharing.Item id="458" uuid="c46b521d-0324-42c8-a146-742ba66db0c4">
      <id>282960</id>
      <classname>org.openmrs.ConceptReferenceTerm</classname>
      <dateChanged id="459">2017-04-28 05:27:15</dateChanged>
      <retired>false</retired>
    </org.openmrs.module.metadatasharing.Item>
    <org.openmrs.module.metadatasharing.Item id="460" uuid="9c566901-1e01-45ab-a8f7-8f840456058b">
      <id>282965</id>
      <classname>org.openmrs.ConceptMap</classname>
      <dateChanged id="461">2017-04-28 05:27:25</dateChanged>
    </org.openmrs.module.metadatasharing.Item>
    <org.openmrs.module.metadatasharing.Item id="462" uuid="c01c57cc-7720-3d3d-a1e9-48924161dbd8">
      <id>132565</id>
      <classname>org.openmrs.ConceptReferenceTerm</classname>
      <dateChanged id="463">2017-04-30 21:11:25</dateChanged>
      <retired>false</retired>
    </org.openmrs.module.metadatasharing.Item>
    <org.openmrs.module.metadatasharing.Item id="464" uuid="5f30aa3d-7e7d-4562-8ea7-3701bb6e2aa5">
      <id>282985</id>
      <classname>org.openmrs.ConceptMap</classname>
      <dateChanged id="465">2017-05-01 22:36:21</dateChanged>
    </org.openmrs.module.metadatasharing.Item>
    <org.openmrs.module.metadatasharing.Item id="466" uuid="01a87e9f-79a9-4572-86f1-bc4bd7f2fb43">
      <id>282980</id>
      <classname>org.openmrs.ConceptReferenceTerm</classname>
      <dateChanged id="467">2017-05-01 22:36:20</dateChanged>
      <retired>false</retired>
    </org.openmrs.module.metadatasharing.Item>
    <org.openmrs.module.metadatasharing.Item id="468" uuid="808eeb46-8425-4f08-b53b-a9511b56842d">
      <id>141212</id>
      <classname>org.openmrs.ConceptName</classname>
      <dateChanged id="469">2017-04-28 05:17:16</dateChanged>
    </org.openmrs.module.metadatasharing.Item>
    <org.openmrs.module.metadatasharing.Item id="470" uuid="4b06faa5-3a56-4d79-a256-61de2093224d">
      <id>2446</id>
      <classname>org.openmrs.ConceptSet</classname>
      <dateChanged id="471">2017-04-28 05:17:16</dateChanged>
    </org.openmrs.module.metadatasharing.Item>
    <org.openmrs.module.metadatasharing.Item id="472" uuid="907829e3-bcce-464a-9b12-79d90896c618">
      <id>2447</id>
      <classname>org.openmrs.ConceptSet</classname>
      <dateChanged id="473">2017-04-28 05:17:16</dateChanged>
    </org.openmrs.module.metadatasharing.Item>
    <org.openmrs.module.metadatasharing.Item id="474" uuid="08652586-74d8-49bc-bba5-e499ca41114b">
      <id>2450</id>
      <classname>org.openmrs.ConceptSet</classname>
      <dateChanged id="475">2017-04-28 05:17:16</dateChanged>
    </org.openmrs.module.metadatasharing.Item>
    <org.openmrs.module.metadatasharing.Item id="476" uuid="d6c74394-60f5-4a6e-85e5-cef1042c8002">
      <id>2448</id>
      <classname>org.openmrs.ConceptSet</classname>
      <dateChanged id="477">2017-04-28 05:17:16</dateChanged>
    </org.openmrs.module.metadatasharing.Item>
    <org.openmrs.module.metadatasharing.Item id="478" uuid="f91508a5-054e-4232-96e2-522ae5b55158">
      <id>2451</id>
      <classname>org.openmrs.ConceptSet</classname>
      <dateChanged id="479">2017-04-28 05:17:16</dateChanged>
    </org.openmrs.module.metadatasharing.Item>
    <org.openmrs.module.metadatasharing.Item id="480" uuid="27c95ef7-829d-439d-b75c-537acc678a39">
      <id>2449</id>
      <classname>org.openmrs.ConceptSet</classname>
      <dateChanged id="481">2017-04-28 05:17:16</dateChanged>
    </org.openmrs.module.metadatasharing.Item>
    <org.openmrs.module.metadatasharing.Item id="482" uuid="f3ee8d36-b3db-4066-99fd-586e4be06b73">
      <id>282962</id>
      <classname>org.openmrs.ConceptMap</classname>
      <dateChanged id="483">2017-04-28 05:17:16</dateChanged>
    </org.openmrs.module.metadatasharing.Item>
    <org.openmrs.module.metadatasharing.Item id="484" uuid="4f31e110-2349-47c2-93fe-ca6d7f90c312">
      <id>282986</id>
      <classname>org.openmrs.ConceptMap</classname>
      <dateChanged id="485">2017-05-01 22:36:21</dateChanged>
    </org.openmrs.module.metadatasharing.Item>
    <org.openmrs.module.metadatasharing.Item id="486" uuid="4c7b51ad-8b55-4167-9577-3d6bbd7f0ba2">
      <id>282981</id>
      <classname>org.openmrs.ConceptReferenceTerm</classname>
      <dateChanged id="487">2017-05-01 22:36:21</dateChanged>
      <retired>false</retired>
    </org.openmrs.module.metadatasharing.Item>
    <org.openmrs.module.metadatasharing.Item id="488" uuid="67783627-c182-4977-b158-947f567a9e2b">
      <id>282963</id>
      <classname>org.openmrs.ConceptMap</classname>
      <dateChanged id="489">2017-04-28 05:17:16</dateChanged>
    </org.openmrs.module.metadatasharing.Item>
    <org.openmrs.module.metadatasharing.Item id="490" uuid="b5e2c3f1-bd99-4994-90b4-17f386d1c5e9">
      <id>282959</id>
      <classname>org.openmrs.ConceptReferenceTerm</classname>
      <dateChanged id="491">2017-04-28 05:15:53</dateChanged>
      <retired>false</retired>
    </org.openmrs.module.metadatasharing.Item>
  </relatedItems>
</package>
