<?xml version="1.0" encoding="UTF-8"?>
<package id="1" uuid="7f510e95-382e-450b-9af0-a5edaa25b567">
  <dateCreated id="2">2017-05-02 13:08:49</dateCreated>
  <name>iSantePlus Concept Source</name>
  <description>The concept source for the iSantePlus distribution. This must be imported before any metadata is imported.</description>
  <openmrsVersion>2.0.5 SNAPSHOT Build b13b3b</openmrsVersion>
  <version>1</version>
  <groupUuid>7781d497-f56e-4f5f-8ac2-c4116a7d1271</groupUuid>
  <modules id="3">
    <entry>
      <string>calculation</string>
      <string>1.2</string>
    </entry>
    <entry>
      <string>legacyui</string>
      <string>1.2.3</string>
    </entry>
    <entry>
      <string>referenceapplication</string>
      <string>2.5</string>
    </entry>
    <entry>
      <string>metadatadeploy</string>
      <string>1.8.1</string>
    </entry>
    <entry>
      <string>fhir</string>
      <string>1.6</string>
    </entry>
    <entry>
      <string>appointmentscheduling</string>
      <string>1.7.0</string>
    </entry>
    <entry>
      <string>metadatasharing</string>
      <string>1.2.2</string>
    </entry>
    <entry>
      <string>appointmentschedulingui</string>
      <string>1.4.0</string>
    </entry>
    <entry>
      <string>allergyui</string>
      <string>1.6</string>
    </entry>
    <entry>
      <string>formentryapp</string>
      <string>1.3</string>
    </entry>
    <entry>
      <string>chartsearch</string>
      <string>2.0</string>
    </entry>
    <entry>
      <string>providermanagement</string>
      <string>2.5.0</string>
    </entry>
    <entry>
      <string>haiticore</string>
      <string>1.0.0-SNAPSHOT</string>
    </entry>
    <entry>
      <string>htmlwidgets</string>
      <string>1.7.2</string>
    </entry>
    <entry>
      <string>dataexchange</string>
      <string>1.3.2</string>
    </entry>
    <entry>
      <string>referencedemodata</string>
      <string>1.4.4-SNAPSHOT</string>
    </entry>
    <entry>
      <string>addresshierarchy</string>
      <string>2.10</string>
    </entry>
    <entry>
      <string>reportingrest</string>
      <string>1.6</string>
    </entry>
    <entry>
      <string>uiframework</string>
      <string>3.9</string>
    </entry>
    <entry>
      <string>referencemetadata</string>
      <string>2.5.0</string>
    </entry>
    <entry>
      <string>event</string>
      <string>2.5</string>
    </entry>
    <entry>
      <string>uicommons</string>
      <string>2.1</string>
    </entry>
    <entry>
      <string>reporting</string>
      <string>0.10.6</string>
    </entry>
    <entry>
      <string>emrapi</string>
      <string>1.18</string>
    </entry>
    <entry>
      <string>registrationapp</string>
      <string>1.9.0-SNAPSHOT</string>
    </entry>
    <entry>
      <string>idgen</string>
      <string>4.4.0</string>
    </entry>
    <entry>
      <string>htmlformentryui</string>
      <string>1.6.1</string>
    </entry>
    <entry>
      <string>htmlformentry</string>
      <string>3.3.2</string>
    </entry>
    <entry>
      <string>reportingcompatibility</string>
      <string>2.0.2</string>
    </entry>
    <entry>
      <string>uilibrary</string>
      <string>2.0.4</string>
    </entry>
    <entry>
      <string>appframework</string>
      <string>2.9</string>
    </entry>
    <entry>
      <string>isanteplus</string>
      <string>1.2-SNAPSHOT</string>
    </entry>
    <entry>
      <string>webservices.rest</string>
      <string>2.16.e045a4</string>
    </entry>
    <entry>
      <string>adminui</string>
      <string>1.2</string>
    </entry>
    <entry>
      <string>registrationcore</string>
      <string>1.6</string>
    </entry>
    <entry>
      <string>owa</string>
      <string>1.6.3</string>
    </entry>
    <entry>
      <string>metadatamapping</string>
      <string>1.3.2</string>
    </entry>
    <entry>
      <string>coreapps</string>
      <string>1.11.1</string>
    </entry>
    <entry>
      <string>appui</string>
      <string>1.7</string>
    </entry>
    <entry>
      <string>serialization.xstream</string>
      <string>0.2.12</string>
    </entry>
  </modules>
  <items class="linked-hash-set" id="4">
    <org.openmrs.module.metadatasharing.Item id="5" uuid="8f3600de-294c-4c11-bfd0-fa5ad603798d">
      <id>40</id>
      <classname>org.openmrs.ConceptSource</classname>
      <dateChanged id="6">2017-04-30 21:19:50</dateChanged>
      <retired>false</retired>
    </org.openmrs.module.metadatasharing.Item>
  </items>
  <relatedItems class="linked-hash-set" id="7"/>
</package>
